timestamp,count
2025-04-20 22:53:24,1
2025-04-20 22:53:24,1
2025-04-20 22:53:24,1
2025-04-20 22:53:24,1
2025-04-20 22:53:24,1
2025-04-20 22:53:25,1
2025-04-20 22:53:25,1
2025-04-20 22:53:25,1
2025-04-20 22:53:25,1
2025-04-20 22:53:25,1
2025-04-20 22:53:25,1
2025-04-20 22:53:25,1
2025-04-20 22:53:25,1
2025-04-20 22:53:26,1
2025-04-20 22:53:26,1
2025-04-20 22:53:26,1
2025-04-20 22:53:26,1
2025-04-20 22:53:26,1
2025-04-20 22:53:26,1
2025-04-20 22:53:26,1
2025-04-20 22:53:27,1
2025-04-20 22:53:27,1
2025-04-20 22:53:27,1
2025-04-20 22:53:27,1
2025-04-20 22:53:27,1
2025-04-20 22:53:27,1
2025-04-20 22:53:27,2
2025-04-20 22:53:27,2
2025-04-20 22:53:28,2
2025-04-20 22:53:28,2
2025-04-20 22:53:28,2
2025-04-20 22:53:28,2
2025-04-20 22:53:28,2
2025-04-20 22:53:28,2
2025-04-20 22:53:28,2
2025-04-20 22:53:28,2
2025-04-20 22:53:29,2
2025-04-20 22:53:29,1
2025-04-20 22:53:29,1
2025-04-20 22:53:29,1
2025-04-20 22:53:29,1
2025-04-20 22:53:29,1
2025-04-20 22:53:29,1
2025-04-20 22:53:29,1
2025-04-20 22:53:30,1
2025-04-20 22:53:30,1
2025-04-20 22:53:30,1
2025-04-20 22:53:30,1
2025-04-20 22:53:30,1
2025-04-20 22:53:30,1
2025-04-20 22:53:30,1
2025-04-20 22:53:30,1
2025-04-20 22:53:31,1
2025-04-20 22:53:31,1
2025-04-20 22:53:31,1
2025-04-20 22:53:31,1
2025-04-20 22:53:31,1
2025-04-20 22:53:31,1
2025-04-20 22:53:31,1
2025-04-20 22:53:31,1
2025-04-20 22:53:32,1
2025-04-20 22:53:32,1
2025-04-20 22:53:32,1
2025-04-20 22:53:32,1
2025-04-20 22:53:32,1
2025-04-20 22:53:32,1
2025-04-20 22:53:32,1
2025-04-20 22:53:32,1
2025-04-20 22:53:32,1
2025-04-20 22:53:32,1
2025-04-20 22:53:33,1
2025-04-20 22:53:33,1
2025-04-20 22:53:33,1
2025-04-20 22:53:33,1
2025-04-20 22:53:33,1
2025-04-20 22:53:33,1
2025-04-20 22:53:33,1
2025-04-20 22:53:33,1
2025-04-20 22:53:34,1
2025-04-20 22:53:34,1
2025-04-20 22:53:34,1
2025-04-20 22:53:34,1
2025-04-20 22:53:34,1
2025-04-20 22:53:34,1
2025-04-20 22:53:34,1
2025-04-20 22:53:34,1
2025-04-20 22:53:34,1
2025-04-20 22:53:35,1
2025-04-20 22:53:35,1
2025-04-20 22:53:35,1
2025-04-20 22:53:35,1
2025-04-20 22:53:35,1
2025-04-20 22:53:35,1
2025-04-20 22:53:35,1
2025-04-20 22:53:35,1
2025-04-20 22:53:35,1
2025-04-20 22:53:35,1
2025-04-20 22:53:36,1
2025-04-20 22:53:36,1
2025-04-20 22:53:36,1
2025-04-20 22:53:36,1
2025-04-20 22:53:36,1
2025-04-20 22:53:36,1
2025-04-20 22:53:36,1
2025-04-20 22:53:36,1
2025-04-20 22:53:37,1
2025-04-20 22:53:37,1
2025-04-20 22:53:37,1
2025-04-20 22:53:37,1
2025-04-20 22:53:37,1
2025-04-20 22:53:37,1
2025-04-20 22:53:37,1
2025-04-20 22:53:37,1
2025-04-20 22:53:37,1
2025-04-20 22:53:37,1
2025-04-20 22:53:38,1
2025-04-20 22:53:38,1
2025-04-20 22:53:38,1
2025-04-20 22:53:38,1
2025-04-20 22:53:38,1
2025-04-20 22:53:38,1
2025-04-20 22:53:38,1
2025-04-20 22:53:38,1
2025-04-20 22:53:38,1
2025-04-20 22:53:39,1
2025-04-20 22:53:39,1
2025-04-20 22:53:39,1
2025-04-20 22:53:39,1
2025-04-20 22:53:39,1
2025-04-20 22:53:39,1
2025-04-20 22:53:39,1
2025-04-20 22:53:39,1
2025-04-20 22:53:40,1
2025-04-20 22:53:40,1
2025-04-20 22:53:40,1
2025-04-20 22:53:40,1
2025-04-20 22:53:40,1
2025-04-20 22:53:40,1
2025-04-20 22:53:40,1
2025-04-20 22:53:40,1
2025-04-20 22:53:40,1
2025-04-20 22:53:41,1
2025-04-20 22:53:41,1
2025-04-20 22:53:41,1
2025-04-20 22:53:41,1
2025-04-20 22:53:41,1
2025-04-20 22:53:41,1
2025-04-20 22:53:41,1
2025-04-20 22:53:41,1
2025-04-20 22:53:41,1
